{
   "file_hashes":[
      {
         "block_hashes":[
            "+3jRjqkTqOBAN9a6qtLtsrl0ORPjSF6IkYzaZR4uM7c=",
            "o86l5SWUrxp63WYajtFD5BPACi/eTUbIu9PpV2K2qVg=",
            "RxkTsrMJUHHxcCpToUU+evP4TkEcggk535dZj0GZf0g=",
            "TKDt1161VGn4OpAVva25pbGV7LArZ+v0Dnip253wi+A=",
            "emhoXVirkHPIEITuvVIEvDS+SJSiEN8Hvlf800I6aEI=",
            "sUjcIMqLe68VHWGvpG+PM/XITSZGgrxNwu9eqa09PFQ=",
            "Uv3MknbDRKxCGpLyCX9NJMBggkkrf7Li8GiGEfOv190=",
            "KaeiT8kj/Cz9rK7+1yX1S5cZZgPunqfzFg+u3D8riyY=",
            "jZzQWuZakbEEXHtsXIUCSoptUTa8BxlasX9EYHVv3oA=",
            "BfXcIZq9CpyKZuek0mGTPcGetyv4uiTqJCbOgUtjUso=",
            "QSz5Gsp49Y4F0t3rS6LGwWuIup6hPvhghATnV6wzrBo=",
            "bhnCfXllAnUN402i4ncE/JCCAOLADdYo2+wWalf+2/k=",
            "lMZLugaubVuduqYEAKjARB+em4JFk+NVICyy/j/bjNg=",
            "WcR6GJ+szQxx7zy/ZZ0DViyxEl0ZomKRUyHYMd9gXrA=",
            "qw2fWOETORDuODIVLmYJjIwrIAK+A/ujMYScNjzoSqg=",
            "dJA3AkJlzKKMh41GwISjPaePYT1Lv/bwUBcRzuNDjcg=",
            "MXire1Lzh86r0LUkJ2Puoqpd8YRHTIvJ15KU8Hyg8Ls=",
            "MFRT+7ACZv3At2txAZlv+4477wSyFI541s7/DaVq/OI=",
            "VJBMpx/lZJfHKfu+/9umVXtSlbUzPFuhvLqoiPolPbo=",
            "xO+4bJC7PELga35+oG3wsKC1KsCzwxxds1TqqNfUFn0=",
            "lHQAC6jOvqIzRLXe0hpChaYEVYJ9PzIN7vGusKw7pEw=",
            "Nyo3Tr53aJkiEXVotvydAZeqaWN+Vrd3cSy2cPIG8YA=",
            "e2XFF/1qLlogujkcyuDlNUA8dSYdgegtCnWmJHY4z18=",
            "bFqckCTogSlvZTm31ACot5ZN65GmzYZbYQoQF7A/TzI=",
            "U7BOnKakwtNvCIGQpIdEFRocJVnmahpBza6nvG9CY/I=",
            "koDp7f2Ah178i0lztEDIpKnSbzWtaiidsTa5cDmpS6k=",
            "mfsgoZENZ7PAsgf9hTxylsM4KlPjsXcebp9tJyX8/iw=",
            "4rF9Lw1WP10P/gyx+o/Swp9Op1B/NlHC+xKHzeETKEQ=",
            "aMz7ZM8hwBlQzFQq4VP7T+EViR45C+Z6Tcw2nC9jN2s=",
            "ls3cODN89EARnKTGI6nwg/hN4Sm0+Qpv/khG/Xs9620=",
            "qtQD1uXK07cETsVLHbWCmMSeadTROZwGOZysa/4ViyE=",
            "fNRi0Xi5904Q37WahoexX7rHg6qeGJwu2Rayuksqk9s=",
            "5QRQB3ctvq/ZW3xOSO2uPRYBejZSAIzsU7dsqqwKt7I=",
            "RC/JdrlsMHqiNqIdT8XMDv0oQMAf9l6r2xsqOqHtVMg=",
            "KvJc9jpfhs4wgIxmGD2sj3bf9YWK/DQtiXpF9ETUyxw=",
            "S5jwDaRHJTRwexG0tuer/nEsT7UHovVcnJzogUx+IUg=",
            "crr2a43UHrHDFarIKTybuTyS8d7WRS7Pl3Qj6fSCYl4=",
            "Txg8u0a5RBeVwnRm7DYR4073HxOFHOTooJAP6+GWNFg=",
            "ESHJ39GOYHrZ6lWBuRbxzdOk0MGWeA7ZT7VbI1offBM=",
            "8Qy4oO0YgCbQ4Ju+0/aR0bKHR45Xy/Ch+2FKB7j8LpM=",
            "fTx80DSqyFnzrXlzZcqQ4kOE21gySRhZXg5FGu7BG5c=",
            "kusS/llWm/UDTkBySSzNJvUaHiJArp1p7Ngkb3rW5/4=",
            "cPoRB05B47UJJkr5TR4N3RoMAQFEBsL4lKz1BeFD+60=",
            "pI8L/3lI+/CMLEkr3k/JkQwCN9O/PiuF8aFYyc36zgw=",
            "QCbsFrtgvCaJRv7Yhii2GXi8cP5ViLSSasoqZ66JwZc=",
            "jiXp+RDLkYkI3yfFESj7UaI+0e/vDMQwziw13fReMSk=",
            "R1kZCgP3HHYzuMyJSUGNjegEnzWGVlJddWTG3F24MBg=",
            "agbCm9HeI06y/2ceZUSz2RlfpelIb4gNHIeIoY+deDU=",
            "cdcml+DKUrlKKx+OZmy/ADGPxHKRP6wo9IG3KiwSRNI=",
            "qJvEU9cE2NyumRx/d2sBUV8kEdCEqlXnwBk0vH5/ywY=",
            "2umzNNK1uSs0rjVeLiLK+jhE1xNHWEcu8N9E/yeZSko=",
            "wB9z7/mngaVy3rdDBKMdOGWcyiNf7HCEYCGUiP7flN8=",
            "8wVqwDgUpzwEC9FAt/MI+G622Bp5++y2XYMpNtUvBb8=",
            "MuKiVOccdRA96089awj8SdezAAJVNUEni0wSTB6JF+4=",
            "6y4xNNA/dzm/F6wWuCXngbKUCcMNXiPpQzCVSdq3d94="
         ],
         "block_size":4096,
         "path":"1280x800.png"
      },
      {
         "block_hashes":[
            "nO73QB2tdSfxCATRC+7orS4Ni17w9td1qwyffgkh++s=",
            "0w+O0ixfBrJDOFlUgyfMLaOGC+nP+8Juqu3VOxw4+ew=",
            "CwdJC1mctnV61TOmIyymr9nkShyqDw+U1gITLhLnNzc=",
            "MwvvvXV+RYywCvN9SdgPNruumnaBPW5V43LGY3P0eSA=",
            "v+DMlCn6ZJmvUdVUwL5OueDY8EPwobvZwqxI1djaZj4=",
            "tmKpuIO0Y/E0TprQbfki5BMXC+JxqqmNpsjfH21j/oc=",
            "a9AlUmn9dKPwe4VoRxrG/Ov4ynikM41XMyeJNTNqoEY=",
            "eeA2X4dcfqvv6gB90F0oxFbNKzG4KxvxUr6cWTv+s3k=",
            "+HvN+OsCrzL2iESErP1ElXFyyBlEGmUTxwYxxKsUeQY=",
            "nYL7+vbh3O7UiCcB7cHw41tKnMRmLAJHVLi/4DnOmr4=",
            "AUr00UYrHt2H73Bd+trWOAsnWrhS+GmnGs/+NHApvWc=",
            "l2V0/me+ll6mCGsg40av5QZQIHpwBiCY4QSkAOWkZcM=",
            "Bxa9MN2jhwlSLQVjagvDuTQpY9LXknoi7y0xH8LJplY=",
            "5QYKxYBFgMbGl1W7+K1LpoRiweJzqrEk6do4nnk5aNw=",
            "RlL0jf9ezRjnT/XI+a0TczpRuTH4zP+QuMSB+jPTwDk=",
            "bGYcv91v1X0AgjkPLQPHJIegA9t8hUWFuaL/e4mHnJI=",
            "T418vmslP/mnoxhXOkI5iYhGXLOKONkFw+OC9zPynvk=",
            "f7Qf8nNBJeKvvqiiuhaFm/eKwk9JYy8SGnje28dtt9g=",
            "GRHMZDENSvDDgbDGC/XrLYeyGUBl3fK7OcE8ZY4uoIs=",
            "DDCnSfYXWstKVmkNMKGCRbOlYXfLBt/C7NlMmXCA1tU=",
            "TgizZyoz3X4wKGaPXeVrSL3QpfGu9VWWUa57TSEIARI=",
            "RNW7mAl5D+W/EbTVeRaQRuW0kLkEZtvHN/b4KzeQ42U=",
            "P4+8do/SumumPBNYE0rWxd7EMxhoCRdDk0s/2Q1VjmA=",
            "d/xEhJa7BbG8/b9mc6ndVg94zJxCwQrOlxAnLw53L2o=",
            "fBCPM8TjpQtGcFUelslYxwwRO/SFINvNGk12aoj58tc=",
            "EvDwrqNUjCO+QR1SSsWcbjwJd32bFAI6Fj6PW6mk7zE=",
            "/cOcVT6WqvK5l9NR5EKlCy5o1ovISZUkmCTIGliXSxY=",
            "WZvIVR0kETTF9U0rBsTGZBqndj0EosaQYPd2XMeObyM=",
            "VRSn5CtjSQdlBegGHd4/SfHoLLmRBOKeFgElmF1pZVo=",
            "l7xVu4jNWojrGy87kc+tXBOM4/CIs6RGi4YtYpudFyA=",
            "nyNYEGP4ZbRY7BloA2Fe5JbZYoNWkGwEaFg/IT3lyaQ=",
            "B26zw8aH1uvhtrCdrwXbKiYLfaEOgElfm2wPHolGX6g=",
            "iPt8kMX3HzuQXrqWbMLuX/+Li3N+v3B1F59LDhe+WAw=",
            "TcfP7+QltOIXD7ACRZ5FxVZm/AtPxW1TIL3CzkSYGgo=",
            "NfNLuEZR5q1BIUyF3a7WX9jNuC2Wc63TelbzVgqQyHI=",
            "9kO7jxhidQ/hhBQnOEpT8Xr4gmhygbh0OwXd7W+CR40=",
            "4f67c69Z/TnjgbT8iEnpLuN7rCSOfcIrdIl/6cvLYzk=",
            "UUTa2XoiaQ8xHxVOyxR/eodvVo8aCJj/7D5VNwkA28w=",
            "PRG8F3dbdK/QAdPfwfIsaxqP0StpgCgkBuivAmNl/x0=",
            "UtJwQJLC7K0rLTm/rCFrj8rwE8i8u9tt6Caark0HWWA=",
            "7/NziYje5G+lXqY+Je40djxC+cEYG3GgxFgJquyc7EA=",
            "YWu9Hh0Cx9kyATtoE3/HxtspN4ysRzkodCmUmiku4Mc=",
            "jrG0S5AcXwssp8pdaZOBKF6cuZXR0c+bAumujib16n8=",
            "mNomRQ5IxYuLdzxBs1YzckCMIBGT7TK69FlktlhxJRA=",
            "uiPRnVG9uUuVAOylTWm1iV6gcb+TpvK9hUtGK7znyeg=",
            "7g7XS9B/hZkmm6IOGb7jvhEUvmWdkXUalGWP19R6urw=",
            "p4OGNvAyvbn/RTg1ST292WSv+AkMex/FUhk2DihdNxs=",
            "aLQIXxFIxujfkPmzeojgRk/a3wcvT6EM7oqmRTBVh88=",
            "MPKgL+kF3pw5o5MTJZ8SiMl+QaCJno+PTN2GNHcFX64=",
            "zJ52vPDKyCE74W9xTKwvtsybuHar2qvj8zU4rezWWFI=",
            "U6QFtukJlisBbHtSxDhxwx4dzBDEXB+PZmEJOPzD6Es=",
            "fWBj9ki9fOmMNDgKr+eDTz2GJzi/QAl4Iwm1bbhg0+U=",
            "ywa0CLXBFyMhd5DTdgJwDK3xv6jEJ+vSiQwWTfP0dOw=",
            "QEYmfNH99HwSQW0PCv4Sv4X9+/45ezkhsMEyXxymgu0=",
            "eVmgVu/VggXh4D8Yo6vGbljfTtsfZ1wrPDBdbP5Ez/A=",
            "w9wVITmXJuAJ3RnJ8yhz5H8LB3JzKY5UQ72MfbpFRXo=",
            "yV3i/vE6IXiVpgU3GJsKVFctNYgdjpQF01PBQdk47mk=",
            "57R410TLTSmqhT40ogX5beDEP6uA3LFZd+gBX9cREzo=",
            "G9okLhMgYhCxtuFD36CpgwocQQslkLMldPD51jVIy+I=",
            "xHZumT7dB44mG+VolUSMIkvoInT9keNZyIkYyuXikMo=",
            "lt5Df0K+A2rzt2/ZxUeMbp+6yw1zoXLC9qlIu3Ujwmk=",
            "3Ou2GG9W/dqV44JUNr0lIBxIzj2DoOD80vHrbfYTZgc=",
            "Evrgfn8hows71Ng+vwC65g9TXAUh1WsSPfXwRxpkZGU=",
            "FSG4f40IJ1VigEJlKJvQ7ULkb7h5ZiSjs461h4JE7TQ=",
            "o/Mqw/TOFlCI9EOSGXlyoHkAzrNeT1nWKfEQjRq0JgE="
         ],
         "block_size":4096,
         "path":"icon.png"
      },
      {
         "block_hashes":[
            "6dE9VcJ8CEY6xT4SibCAq7wlEm/oYEyf3qNWGLuzWnM=",
            "eL7ehKQjgDZSuZTiIJPaDonbEQfrduyhlPSQxUpndGI="
         ],
         "block_size":4096,
         "path":"krunker.js"
      },
      {
         "block_hashes":[
            "Fezjfmkj/cYTUe2rhUfF2jjw8f/IsCLsPmS8mwdr/KY="
         ],
         "block_size":4096,
         "path":"krunkersocial.js"
      },
      {
         "block_hashes":[
            "NZ14tkQZnCHM2jQOy/DpdIyP0Z+ttXW72HbZ0cGKMjM="
         ],
         "block_size":4096,
         "path":"License.txt"
      },
      {
         "block_hashes":[
            "JeEUhvoysEIJMNe2QNat5hVjKrogrKs7OtxBgCmgBRA="
         ],
         "block_size":4096,
         "path":"surviv.js"
      }
   ],
   "version":2
}